"company_name","category","website","headquarters","founded_year","funding_or_public_status","target_segments","banking_or_financial_services_focus","core_product","voice_agent_capability","human_takeover_capability","conversation_graph_capability","agentic_ai_capability","rag_capability","stt_provider_or_capability","tts_provider_or_capability","telephony_capability","ccaas_integrations","deployment_options","on_prem_or_private_cloud_support","data_residency_support","compliance_claims","security_certifications","model_governance_features","audit_features","evaluation_testing_features","fraud_identity_features","pricing_model","public_reference_customers","strengths","weaknesses","threat_to_vocaliq","partnership_opportunity","source_urls","last_verified_date","confidence_level","notes"
"NICE CXone","CCaaS Incumbent","nice.com","Ra'anana, Israel","1986","Public (NICE Ltd; NASDAQ: NICE)","Enterprise contact centers across verticals","High - NICE Actimize fraud division serves banks","CXone cloud contact center platform + Cognigy conversational AI","Yes - CXone Mpower Agents + Cognigy virtual agents","Yes - supervisor tools and real-time agent assist","Yes - Cognigy conversation design studio","Yes - agentic AI features announced 2025-2026","Yes - knowledge management and gen AI search","Bundled (multiple providers)","Bundled (multiple providers)","Full PSTN/SIP/WebRTC","Native (is a CCaaS)","Cloud SaaS; private cloud available","Yes - private cloud and hybrid options","Yes - regional data centers","SOC 2; GDPR; PCI DSS; HIPAA; FedRAMP","SOC 2 Type II; ISO 27001; PCI DSS; HIPAA; FedRAMP","Basic model management; Cognigy adds conversation versioning","Call recording; interaction analytics; QA scoring","QA analytics; workforce optimization scoring","NICE Actimize integration (AML, fraud detection, financial crime)","Per-seat + AI add-ons","Major banks globally; 1000+ brands via Cognigy (Bosch, Nestle, DHL)","Dominant market share; existing bank relationships; Actimize fraud intel; workforce management bundle","Post-acquisition integration complexity; banking-specific voice governance not demonstrated","HIGH","MEDIUM - integration alongside CXone for regulated workflows","https://www.nice.com/; MKT-002; MKT-014","2026-05-03","High","AI included in every new 7-figure CXone deal in 2025. AI ARR grew 66% YoY Q4 2025."
"Genesys Cloud CX","CCaaS Incumbent","genesys.com","Daly City, CA, USA","1990","Private (Permira-backed)","Enterprise contact centers","High - named bank customers (M&T Bank, TymeBank, Caixa)","Cloud CX contact center platform with AI","Yes - predictive and generative AI voice features","Yes - real-time agent assist and supervisor tools","Yes - conversational flow builder","Yes - generative AI and predictive routing","Yes - knowledge base and gen AI search","Bundled","Bundled","Full PSTN/SIP/WebRTC","Native (is a CCaaS)","Cloud SaaS; private cloud","Yes - private cloud option","Yes - regional deployment options","SOC 2; GDPR; PCI DSS; HIPAA","SOC 2 Type II; ISO 27001; PCI DSS","Basic AI model management","Call recording; interaction analytics; QA","QA analytics; predictive scoring","Third-party integration (not native)","Per-seat + AI features","M&T Bank; TymeBank; Caixa (155M customers); top-10 global bank (8-figure ACV)","Deep banking relationships; enterprise deployment track record; global presence","AI features target general CX not regulated workflow governance; no risk-aware graph or policy engine","HIGH","HIGH - strongest integration partner for regulated banking workflows","https://www.genesys.com/; MKT-003","2026-05-03","High","Secured 8-figure ACV with top-10 global bank. Largest independent CCaaS vendor."
"Amazon Connect","CCaaS Incumbent","aws.amazon.com/connect","Seattle, WA, USA","2017","Public (Amazon/AWS)","Cloud-first enterprises; digital banks","Medium - growing banking presence","Cloud-native contact center on AWS","Yes - 29 agentic AI features (re:Invent 2025); pre-built AI agents","Yes - supervisor and agent assist tools","Yes - contact flow builder","Yes - MCP support; autonomous AI agents","Yes - Amazon Q integration","Amazon Transcribe","Amazon Polly","Full PSTN/SIP via AWS","Native (is a CCaaS)","AWS Cloud only","No - AWS cloud only","Yes - AWS regional data centers","SOC 2; GDPR; PCI DSS; HIPAA; FedRAMP; C5","SOC 2; ISO 27001; PCI DSS; FedRAMP","Basic; MCP for tool integration","Call recording; Contact Lens analytics","AI agent observability and testing tools","Basic (Amazon fraud detection services)","All-you-can-eat AI pricing (no per-feature charges)","Capital One (notable); AWS banking customers","AWS ecosystem; aggressive pricing; rapid feature development; strong developer tools","AWS-only deployment; banking governance depth limited; concentration risk for multi-cloud banks","MEDIUM-HIGH","MEDIUM - VocalIQ on AWS integrating with Connect for telephony","https://aws.amazon.com/; MKT-004","2026-05-03","High","29 AI features announced re:Invent 2025. Up to $50K MDF incentives. Self-service in 25+ languages."
"Five9","CCaaS Incumbent","five9.com","San Ramon, CA, USA","2001","Public (NASDAQ: FIVN)","Enterprise contact centers","Medium-High - Fortune 500 bank deal","Intelligent Cloud Contact Center","Yes - AI Agents for voice and chat (beta early 2025)","Yes - blended AI with dial-of-trust control","Yes - IVA Studio flow builder","Yes - AI Agent Connect API (March 2026)","Yes - knowledge base integration","Bundled","Bundled","Full PSTN/SIP","Native (is a CCaaS)","Cloud SaaS","Limited","Yes - some regional options","SOC 2; GDPR; PCI DSS; HIPAA","SOC 2 Type II; ISO 27001","Dial-of-trust for AI flexibility vs control","Call recording; analytics; QA","AI quality monitoring","Third-party integration","Per-seat + usage","Fortune 500 US bank (4-5M calls/day); Central Bank","Growing AI revenue (50% YoY Q4 2025); large bank reference; dial-of-trust concept for regulated industries","Smaller market share than NICE/Genesys; banking governance features less developed","MEDIUM","MEDIUM - AI Agent Connect API as integration point","https://www.five9.com/; Five9 press releases 2025-2026","2026-05-03","Medium-High","Signed largest deal ever with Fortune 500 US bank. Enterprise AI revenue grew 50% YoY."
"Twilio Flex","CCaaS / Dev Platform","twilio.com/flex","San Francisco, CA, USA","2008","Public (NYSE: TWLO)","Developer-led enterprises","Low-Medium - telephony provider to banks; Flex for contact center","Programmable contact center + communications APIs","Yes - via Flex SDK and voice APIs","Yes - agent desktop and supervisor tools","Yes - Studio flow builder","Basic - third-party AI integration","Yes - via integrations","Third-party (BYO)","Third-party (BYO)","Full PSTN/SIP/WebRTC (core Twilio strength)","Embeddable SDK into any CRM/app","Cloud SaaS","No","Yes - some data residency options","SOC 2; GDPR; HIPAA","SOC 2 Type II; ISO 27001","Not native - build your own","Call recording; basic analytics","Not native","Not native","User + Usage pricing (per-seat + consumption)","Large enterprises; Voice AI revenue grew 60%+ YoY","Developer ecosystem; programmability; telephony infrastructure; global coverage; embeddable SDK","Build-your-own approach requires significant development; no banking governance out of box","LOW-MEDIUM as CCaaS; HIGH as telephony partner","HIGH - most likely telephony provider for VocalIQ","https://www.twilio.com/; Twilio investor relations April 2026","2026-05-03","High","Flex SDK launched April 2026. Closed largest deal ever Q4 2025. Voice AI revenue grew 60%+ YoY."
"Kasisto","Conversational AI","kasisto.com","New York, NY, USA","2013","Private (venture-backed)","Banks and financial institutions exclusively","HIGHEST - banking is entire business","KAI Platform / KAIgentic agentic AI for banking","Limited - primarily text/chat; voice capabilities present but not leading edge","Yes - human handoff for complex queries","Yes - conversation design with banking workflows","Yes - KAIgentic agentic AI (August 2025)","Yes - banking knowledge base","Third-party integration","Third-party integration","Limited - not telephony-native","Third-party integration","Cloud; details not public","Unknown","Unknown","Banking regulatory compliance (specifics not public)","Not publicly detailed","KAI-GPT banking-specific LLM; KAIops for operational intelligence","Operational logs and analytics","Not publicly detailed","Not native voice fraud; banking compliance focus","Enterprise license","JP Morgan; TD Bank; Standard Chartered","Banking domain expertise; banking-specific LLM (KAI-GPT); tier-1 bank customers; regulatory compliance experience","Primarily text/chat not voice-first; limited telephony capabilities","MEDIUM-HIGH","LOW - direct competitor in banking AI","https://kasisto.com/; Kasisto press releases 2025","2026-05-03","Medium","KAIgentic launched August 2025. KAIops launched October 2025. Banking-specific LLM is significant moat."
"Kore.ai","Conversational AI","kore.ai","Orlando, FL, USA","2014","Private (venture-backed; $150M+ raised)","Enterprise across regulated sectors","High - banking connectors for KYC/AML/lending; named banking features","XO Platform v11 for conversational and agentic AI","Yes - voice via IVR and contact center integrations","Yes - real-time agent assist","Yes - XO v11 conversation builder with agentic routing","Yes - XO v11 autonomous orchestration","Yes - Targeted Knowledge Retrieval (Nov 2025)","Third-party integration","Third-party integration","IVR integration; SIP","Multiple CCaaS integrations","Cloud SaaS; on-prem available","Yes","Yes - regional deployment","SOC 2; GDPR; HIPAA; EU AI Act alignment","SOC 2 Type II; ISO 27001","Configurable guardrails; AI within defined risk/policy constraints","Full audit trails; role-based access controls","Not publicly detailed","Not native - third-party integration","Enterprise license","Banks (names not public); enterprises across regulated sectors","Breadth of features; 250+ pre-built connectors; banking KYC/AML/lending connectors; regulatory compliance; audit trails","Breadth-first may mean banking governance depth not as strong; voice is one of many channels","MEDIUM-HIGH","LOW - direct competitor","https://www.kore.ai/; Kore.ai blog 2025-2026","2026-05-03","Medium","XO v11 introduced agentic routing. Claims 50% AHT reductions and 5-15pt FCR gains. 100+ languages."
"PolyAI","Conversational AI (Voice-First)","poly.ai","London, UK","2017","Private ($200M+ total; $86M Series D Dec 2025; $750M valuation)","Enterprise voice automation","Medium-High - UniCredit banking reference","Agent Studio voice-first AI platform","Yes - voice-first approach; customer-led conversations","Yes - human handoff capability","Yes - Agent Studio conversation design","Yes - evolving toward agentic","Yes - knowledge integration","Proprietary models","Proprietary models","Yes - contact center integration","Multiple CCaaS integrations","Cloud SaaS","Unknown","Unknown","SOC 2; GDPR","SOC 2; details not public","Not publicly detailed","Basic interaction logs","Not publicly detailed","Not native","Enterprise license","UniCredit; Marriott; Caesars; Foot Locker; PG&E; 100+ enterprises","Voice-first approach; strong funding ($200M+); 2000+ live deployments; 45 languages; Forrester 391% ROI","Not banking-specific; no risk-aware graph or policy engine; no fraud-aware identity","MEDIUM-HIGH","LOW - voice-first competitor","https://poly.ai/; PRNewswire Dec 2025; Forrester TEI study","2026-05-03","High","$750M valuation. 100+ customers. ~$1B total value created across customer base annually."
"Microsoft/Nuance","Conversational AI","microsoft.com","Redmond, WA, USA","1992 (Nuance; acquired 2022 for $19.7B)","Public (MSFT)","Enterprise across verticals","High historically (Nuance banking IVR and voice biometrics)","Dynamics 365 Contact Center + Azure AI (transitioning from legacy Nuance)","Yes - Azure AI conversational agents; Copilot Studio","Yes - via Dynamics 365 agent tools","Yes - Copilot Studio flow builder","Yes - Copilot and AI agent capabilities","Yes - Azure AI Search / Copilot","Azure Speech Services","Azure Speech Services","Via partner integrations; legacy Nuance IVR ending","Dynamics 365 integration","Azure Cloud; legacy on-prem ending June 2026","Legacy on-prem ending support June 2026; cloud-forward","Yes - Azure regional data centers","SOC 2; GDPR; PCI DSS; HIPAA; FedRAMP; numerous","SOC 2; ISO 27001; PCI DSS; FedRAMP; CSA STAR","Azure AI governance tools; Responsible AI framework","Azure logging and monitoring; Dynamics 365 analytics","Azure AI testing capabilities","Nuance Gatekeeper voice biometrics (future uncertain)","Enterprise license (Azure consumption + Dynamics 365 seats)","Major banks (legacy Nuance); Dynamics 365 enterprise customers","Microsoft ecosystem; vast resources; legacy banking presence; Azure compliance certifications","Nuance transition disruption; legacy on-prem ending; Dynamics 365 CC is new and less proven in banking; Gatekeeper future unclear","MEDIUM","MEDIUM - target banks migrating off Nuance; run on Azure","https://news.microsoft.com/; CX Today Nuance EOL; HCLTech partnership","2026-05-03","Medium","Legacy Nuance on-prem support ends June 2026. 550+ Nuance PS staff transferred to HCLTech. Major transition opportunity."
"Retell AI","Dev-First Voice AI","retellai.com","San Francisco, CA, USA","2023","Private (seed/Series A)","Developers and SMBs","Low - HIPAA but not banking","Full-stack voice agent platform","Yes - core product","Yes - call transfer capability","Basic - flow builder","Basic","Yes - knowledge base","Third-party (BYO STT)","Third-party (BYO TTS)","Yes - Twilio and SIP","Third-party","Cloud SaaS","No","Limited","SOC 2 Type II; GDPR; HIPAA","SOC 2 Type II","Not native","Basic call logs","Not native","Not native","$0.07/min","Not publicly named","Price-performance benchmark ($0.07/min); ~600ms latency; 99.99% uptime; self-service HIPAA BAA","No banking governance; no policy engine; no fraud controls; no audit capabilities","LOW","LOW - different market segment","https://www.retellai.com/; MKT-006","2026-05-03","Medium-High","Sets market price/latency expectations. Self-service HIPAA BAA is notable."
"Vapi","Dev-First Voice AI","vapi.ai","San Francisco, CA, USA","2023","Private (venture-backed)","Developers","Low","Developer-first voice AI platform","Yes - core product","Yes - call transfer","Basic - flow configuration","Basic","Yes - knowledge base","Third-party (BYO; 4200+ config points)","Third-party (BYO)","Yes - telephony integration","Third-party","Cloud SaaS","No","Limited","Basic","Not publicly detailed","Not native","Basic call logs","Not native","Not native","$0.15-0.33/min depending on stack","Not publicly named","Maximum flexibility; 4200+ config points; BYO everything; strong developer community","No governance; no policy engine; no compliance controls; no banking features","LOW","LOW","https://vapi.ai/; MKT-007","2026-05-03","Medium-High","Most flexible developer-first approach. Good reference for provider abstraction design."
"GetVocal.ai","Conversational AI (Voice-First)","getvocal.ai","Paris, France","2022","Private ($30M raised; $26M Series A led by Creandum)","Enterprise CX; telco; retail","Low-Medium - no published banking references","Hybrid Workforce Platform with Agent Blueprints and Control Center","Yes - graph-based hybrid human-AI voice agents","Yes - real-time Control Center for human intervention (launched March 2026)","Yes - Agent Blueprints graph-based conversation designer","Yes - hybrid human-AI with escalation","Yes - knowledge integration","Third-party integration","Third-party integration","Yes - telephony integration","Third-party integration","Cloud; on-prem; private cloud; EU-sovereign; hybrid","Yes - on-prem and private cloud","Yes - EU-sovereign deployment","GDPR; SOC 2; HIPAA; EU AI Act alignment","SOC 2; details not public","Graph versioning; approval workflows","Control Center monitoring; interaction logs","Not publicly detailed","Not native","Enterprise (no public pricing)","Vodafone; Glovo; Movistar; Deutsche Telekom pilot","Graph-based deterministic + LLM hybrid; EU compliance; on-prem support; human oversight architecture","No banking-specific governance; no PCI controls; no fraud-aware identity; EU-only focus; closed source; no self-serve","MEDIUM","LOW-MEDIUM - closest product inspiration but direct competitor","https://www.getvocal.ai/; MKT-005","2026-05-03","High","Closest product-level inspiration for VocalIQ. 31% fewer escalations; 45% more self-service; 70% deflection within 3 months."
"Pindrop","Fraud/Identity/Voice Security","pindrop.com","Atlanta, GA, USA","2011","Private (well-funded)","Banks; insurance; enterprise contact centers","HIGH - core customer base is banking","Voice fraud detection and authentication (Passport and Protect)","Not an agent platform - provides fraud signals for voice calls","N/A","N/A","N/A","N/A","N/A","N/A","Integrates with contact center telephony","Multiple CCaaS integrations","Cloud and on-prem options","Yes","Yes","N/A (fraud vendor not AI agent)","Not publicly detailed","N/A","Voice authentication and fraud event logs","N/A","Core product - acoustic analysis; device metadata; behavioral analysis; deepfake detection; liveness detection","Integration partner - not per-minute","Major banks and insurance companies (names not public)","Market leader in voice fraud; TIME 2026 most influential; quantified deepfake threat data; Zoom partnership","Not a voice agent platform; integration required; detection rates not publicly detailed","N/A (not a competitor)","HIGH - critical integration partner for fraud-aware identity layer","https://www.pindrop.com/; MKT-008","2026-05-03","High","1300% surge in deepfake fraud. 149% synthetic voice attack increase at banks. Partnership with Zoom Contact Center."
"BioCatch","Fraud/Identity/Behavioral Biometrics","biocatch.com","Tel Aviv, Israel","2011","Private (well-funded)","Banks and financial institutions","HIGHEST - 30+ of world's top 100 banks; 340+ FIs","Behavioral biometrics for fraud prevention and digital trust","Not a voice agent platform - behavioral biometrics on digital channels","N/A","N/A","N/A","N/A","N/A","N/A","N/A","N/A","Cloud SaaS","Unknown","Yes","Banking regulatory compliance","Not publicly detailed","N/A","Behavioral session analytics","N/A","Core product - behavioral biometrics; device risk (DeviceIQ March 2026); social engineering detection","Enterprise license","30+ of top 100 banks; 340+ financial institutions","Scale (17B+ sessions/month; 660M+ people); banking depth; behavioral analytics; DeviceIQ","Primarily digital banking (web/mobile) not voice; integration for cross-channel signals needed","N/A (not a competitor)","MEDIUM - cross-channel fraud intelligence integration","https://www.biocatch.com/; BioCatch press March 2026","2026-05-03","High","Analyzes 17B+ sessions/month. Protects 660M+ people on 1.6B+ devices."
"Deepgram","Voice Infrastructure (STT)","deepgram.com","San Francisco, CA, USA","2015","Private (well-funded)","Developers and enterprises","Medium - enterprise STT for contact centers","Speech-to-text and voice AI APIs","Voice Agent API (bundled STT+LLM+TTS)","N/A","N/A","Via Voice Agent API","N/A","Nova-3 (proprietary; 36+ languages)","Aura TTS","Via integration","Third-party","Cloud SaaS; on-prem available for enterprise","Yes - on-prem for enterprise","Yes - some regional options","SOC 2; GDPR; HIPAA","SOC 2 Type II","Not native","API call logs","Not native","Not native","$0.0077/min PAYG STT; $4.50/hr Voice Agent API bundled","Not publicly named","Best-in-class accuracy on noisy call center audio (54.2% WER reduction); sub-300ms latency; 500+ concurrent streams; competitive pricing","Not a governance platform; PCI DSS compliance for banking needs confirmation","N/A (infrastructure provider)","HIGH - recommended default STT provider","https://deepgram.com/; MKT-031","2026-05-03","High","Nova-3 is recommended default STT for VocalIQ prototype."
"Pipecat","Open-Source Framework","github.com/pipecat-ai/pipecat","San Francisco, CA, USA (Daily.co)","2024","Open source (Daily.co backed)","Developers building voice agents","Low - general purpose","Open-source Python framework for real-time voice agents","Yes - core purpose","Via custom implementation","Via custom implementation","Via custom implementation","Via custom implementation","Multiple providers (Deepgram; AssemblyAI; etc)","Multiple providers (Cartesia; ElevenLabs; etc)","Twilio/SIP integration","Third-party","Self-hosted","Yes - fully self-hostable","N/A (self-hosted)","N/A (framework)","N/A","N/A","N/A","N/A","N/A","Free (open source); Daily.co services separately","Open-source community","Clean frame-based architecture; good provider abstraction; active community; Daily.co backing; multi-agent support","No banking-specific stages; WebSocket-based (higher latency than WebRTC); silence-based endpointing","N/A (infrastructure)","HIGH - candidate voice runtime foundation","https://github.com/pipecat-ai/pipecat; MKT-009","2026-05-03","High","Strong candidate for VocalIQ voice pipeline. Custom stages needed for policy/redaction/audit."
"LiveKit Agents","Open-Source Framework","github.com/livekit/agents","San Francisco, CA, USA","2021","Open source (LiveKit Inc well-funded)","Developers building real-time voice agents","Low - general purpose","Open-source WebRTC-native agent framework","Yes - core purpose","Via custom implementation","Via custom implementation","Yes - MCP support","Via custom implementation","Multiple providers","Multiple providers","Native SIP (region pinning; secure trunking; HD voice; noise cancellation)","Third-party","Self-hosted; LiveKit Cloud","Yes - self-hostable","N/A (self-hosted); LiveKit Cloud has regions","N/A (framework)","N/A","N/A","N/A","Built-in test framework with AI judges","N/A","Free (open source); LiveKit Cloud separately","Open-source community","WebRTC-native (lower latency); semantic turn detection; built-in testing; SIP features; Python and Go; MCP support","Commercial model may create dependency for on-prem; self-hosting story needs evaluation","N/A (infrastructure)","HIGH - candidate voice runtime foundation","https://github.com/livekit/agents; MKT-010","2026-05-03","High","Strong alternative to Pipecat. Built-in test framework aligns with evaluation requirements."
"Dograh","Open-Source Framework","github.com/dograh-hq/dograh","Unknown","2024","Open source","Developers building voice agents","Low - general purpose","Open-source visual voice AI workflow builder","Yes - core purpose","Via custom implementation","Yes - visual drag-and-drop workflow builder","Via custom implementation","Yes - knowledge base support","Third-party (BYO)","Third-party (BYO)","Twilio/Vonage/Cloudonix","Third-party","Self-hosted","Yes - fully self-hostable","N/A (self-hosted)","N/A (framework)","N/A","N/A","N/A","AI-to-AI testing (LoopTalk); post-call analytics (sentiment; script adherence)","N/A","Free (open source)","Open-source community","Visual builder reference for graph designer; LoopTalk AI testing; post-call analytics; self-hostable","Newer project; smaller community; no banking governance/policy/fraud/audit","N/A (infrastructure)","MEDIUM - reference for graph designer UI and evaluation lab","https://github.com/dograh-hq/dograh; MKT-011","2026-05-03","Medium","LoopTalk testing maps to evaluation/assurance lab requirement. Visual builder is useful design reference."
"Cisco Webex Contact Center","CCaaS Incumbent","webex.com","San Jose, CA, USA","1984","Public (Cisco; NASDAQ: CSCO)","Enterprise contact centers","Medium - enterprise security heritage appeals to banks","Webex Contact Center with AI capabilities","Yes - virtual agent with Cisco AI","Yes - agent desktop and supervisor","Yes - flow builder","Basic - evolving","Yes - knowledge integration","Bundled (Google CCAI partnership)","Bundled","Full PSTN/SIP/WebRTC (Cisco heritage)","Native (is a CCaaS)","Cloud SaaS; on-prem (UCCE)","Yes - strong on-prem heritage","Yes - Cisco regional data centers","SOC 2; GDPR; PCI DSS; HIPAA","SOC 2; ISO 27001; PCI DSS; FedRAMP","Basic","Call recording; analytics","Basic QA","Third-party integration","Per-seat","Enterprise customers (banking names not public)","Cisco security heritage; strong on-prem and hybrid; enterprise relationships","AI features less advanced than NICE/Genesys; cloud migration slower","LOW-MEDIUM","MEDIUM - integration for banks on Cisco infrastructure","https://www.webex.com/; Cisco contact center pages","2026-05-03","Medium","Strong on-prem heritage relevant for banks with on-prem requirements."
"Avaya","CCaaS Incumbent","avaya.com","Morristown, NJ, USA","2000","Public (NYSE: AVYA); emerged from Chapter 11 in 2023","Enterprise contact centers (legacy installed base)","Medium - large legacy bank installed base","Avaya Experience Platform","Yes - virtual agent capabilities","Yes - agent desktop","Basic","Basic - evolving","Basic","Third-party integration","Third-party integration","Full PSTN/SIP (legacy strength)","Native (is a CCaaS)","On-prem; hybrid; cloud","Yes - strong on-prem","Yes","SOC 2; GDPR; PCI DSS","SOC 2; ISO 27001","Basic","Call recording; basic analytics","Basic","Third-party integration","Per-seat (varies)","Legacy bank customers (many migrating away)","Large legacy installed base; on-prem expertise","Bankruptcy recovery; banks actively migrating to cloud CCaaS; AI features behind competitors","LOW","LOW - declining platform","https://www.avaya.com/","2026-05-03","Medium","Banks migrating off Avaya represent an opportunity for VocalIQ."
"Talkdesk","CCaaS Incumbent","talkdesk.com","San Francisco, CA, USA","2011","Private ($498M+ raised; $10B valuation at peak)","Mid-market and enterprise contact centers","Medium - Guardian compliance tools; financial services vertical","Talkdesk CX Cloud with AI","Yes - Talkdesk Autopilot virtual agents","Yes - agent assist and supervisor","Yes - Studio flow builder","Yes - Autopilot with generative AI","Yes - knowledge management","Bundled","Bundled","Full PSTN/SIP","Native (is a CCaaS)","Cloud SaaS","Limited","Yes - regional options","SOC 2; GDPR; PCI DSS; HIPAA","SOC 2 Type II; ISO 27001; PCI DSS","Guardian compliance tools for regulated industries","Call recording; interaction analytics; QA","QA Assist","Third-party integration","Per-seat + add-ons","Financial services customers (names not widely published)","Guardian compliance tools; financial services vertical focus; fast product development","Smaller than NICE/Genesys; banking governance depth limited; valuation pressure","MEDIUM","MEDIUM - Guardian compliance features suggest alignment with regulated workflows","https://www.talkdesk.com/","2026-05-03","Medium","Guardian compliance tools are the most relevant CCaaS feature for regulated banking workflows."
"Rasa","Conversational AI (Open Source)","rasa.com","San Francisco, CA, USA","2016","Private (venture-backed; $70M+ raised)","Developers building conversational AI","Low-Medium - open-source framework used by some banks","Open-source conversational AI framework + Rasa Pro enterprise","Limited - primarily text/chat; voice via third-party integration","Yes - handoff capabilities","Yes - story-based conversation design","Yes - CALM (Conversational AI with Language Models)","Yes - enterprise knowledge integration","Third-party integration","Third-party integration","Third-party integration","Third-party","Self-hosted; Rasa Cloud","Yes - self-hosted is core value prop","Yes (self-hosted)","SOC 2 (Rasa Pro)","SOC 2 Type II (Pro)","CALM provides guardrails for LLM usage","Conversation logs","Test framework for conversation flows","Not native","Open source free; Rasa Pro enterprise license","Deutsche Telekom; N26 (banking); enterprise users","Self-hosted data control; strong developer community; open source; CALM framework","Text-first not voice-first; limited banking-specific governance; smaller enterprise support than Kore.ai/Cognigy","LOW","LOW - different architectural approach","https://rasa.com/","2026-05-03","Medium","N26 reference is notable as a digital bank user. Self-hosted model appeals to data-sensitive banks."
"Omilia","Conversational AI","omilia.com","Athens, Greece / New York, USA","2002","Private","Enterprise contact centers; financial services","High - banking and insurance are primary verticals","DiaManT conversational AI platform","Yes - voice-first IVR and virtual agent","Yes - agent handoff","Yes - dialog management system","Evolving","Yes - knowledge integration","Proprietary ASR","Third-party / proprietary","Yes - IVR and contact center integration","Multiple CCaaS integrations","Cloud; on-prem; hybrid","Yes","Yes","PCI DSS; SOC 2; GDPR","PCI DSS Level 1; SOC 2","Basic conversation management","Interaction logs; analytics","Not publicly detailed","Voice biometrics (OmiliaShield)","Enterprise license","Banks and insurance companies (names limited)","Banking focus; PCI DSS Level 1 certified; proprietary ASR; voice biometrics; 20+ years in voice","Smaller market presence; less visible than Kore.ai/Kasisto; limited press coverage","MEDIUM","LOW - competing in banking voice AI","https://omilia.com/","2026-05-03","Medium","PCI DSS Level 1 and voice biometrics are differentiators in banking. Worth deeper research."
"Amelia (IPsoft)","Conversational AI","amelia.ai","New York, NY, USA","1998","Private","Enterprise digital workforce","Medium - financial services as one of several verticals","Amelia digital employee platform","Yes - voice and chat","Yes - escalation to human agents","Yes - process orchestration","Yes - autonomous digital employee concept","Yes - knowledge management","Third-party integration","Third-party integration","Via integration","Multiple","Cloud; on-prem","Yes","Yes","SOC 2; GDPR","SOC 2","Process governance","Interaction logs; process audit","Not publicly detailed","Not native","Enterprise license","Financial services enterprises (limited public references)","Process automation depth; digital employee concept; on-prem support","Brand less visible; voice AI not primary focus; market share smaller than leaders","LOW-MEDIUM","LOW","https://amelia.ai/","2026-05-03","Low-Medium","Limited recent press coverage. Market position unclear."
"Bland AI","Dev-First Voice AI","bland.ai","San Francisco, CA, USA","2023","Private (seed-funded)","Enterprises needing high-volume voice automation","Low","Enterprise voice AI for phone calls at scale","Yes - core product","Yes - call transfer","Basic - pathway builder","Basic","Yes - knowledge base","Bundled","Bundled (custom voice cloning)","Yes - built-in telephony","Third-party","Cloud SaaS; enterprise self-hosted","Yes - enterprise self-hosted option","Limited","SOC 2; HIPAA","SOC 2 Type II","Not native","Call logs","Not native","Not native","Per-minute (enterprise volume pricing)","Not publicly named","High-volume outbound capabilities; self-hosted option; enterprise focus","No banking governance; no policy engine; no compliance controls","LOW","LOW","https://www.bland.ai/","2026-05-03","Medium","Enterprise self-hosted option is notable but lacks banking governance."
"Synthflow","Dev-First Voice AI","synthflow.ai","Berlin, Germany","2023","Private (seed-funded)","SMBs and agencies","Low","No-code voice AI agent builder","Yes - core product","Yes - call transfer","Basic - template-based","Basic","Yes - knowledge base","Third-party","Multiple (ElevenLabs; others)","Yes - Twilio integration","Limited","Cloud SaaS","No","Limited","Basic","Not publicly detailed","Not native","Basic call logs","Not native","Not native","Per-minute (starter plans from $29/mo)","SMBs and agencies","No-code simplicity; fast deployment; affordable entry","SMB focus; no enterprise governance; no banking features","LOW","LOW","https://synthflow.ai/","2026-05-03","Medium","SMB-focused. Not relevant for banking but sets market expectations."
"Voiceflow","Dev-First Voice AI","voiceflow.com","Toronto, Canada","2019","Private (venture-backed; $20M+ raised)","Product teams building conversational AI","Low-Medium","Conversation design and AI agent building platform","Yes - voice and chat agent builder","Yes - handoff capabilities","Yes - visual conversation design canvas (strong)","Yes - AI agent capabilities with function calling","Yes - knowledge base with content management","Third-party integration","Third-party integration","Via integration","Third-party","Cloud SaaS","No","Limited","SOC 2","SOC 2 Type II","Version control for conversation designs","Conversation logs; analytics","Built-in testing for conversation flows","Not native","Per-seat tiered plans","Enterprise teams (names limited)","Best-in-class visual conversation designer; strong developer experience; version control; testing","No banking governance; no policy engine; limited telephony; cloud-only","LOW","LOW-MEDIUM - visual designer approach is useful reference for VocalIQ graph designer","https://www.voiceflow.com/","2026-05-03","Medium-High","Visual conversation designer is the closest commercial reference for VocalIQ's graph designer UI."
"OpenAI Realtime API","Speech-to-Speech / Realtime Model","platform.openai.com","San Francisco, CA, USA","2015","Private ($13B+ raised from Microsoft and others)","Developers building voice-enabled AI","Low - general purpose","GPT-4o Realtime API for audio-in/audio-out conversations","Yes - native audio processing","Not built-in","Not built-in","Yes - function calling in audio mode","Not built-in","Native (speech-to-speech; no separate STT)","Native (speech-to-speech; no separate TTS)","Third-party integration required","Third-party","Cloud API only","No","Limited (OpenAI data processing)","SOC 2","SOC 2 Type II","Not applicable - raw model API","API logs only","Not built-in","Not built-in","Per-token API pricing","Developer ecosystem","Lowest latency for simple interactions; preserves prosodic features; function calling support","Opaque model makes policy insertion impossible between intent and response; no PCI redaction point; no audit of intermediate reasoning; banking anti-pattern (speech -> LLM -> action)","LOW for banking; MEDIUM-HIGH for unregulated voice agents","LOW - architectural mismatch for banking governance","https://platform.openai.com/docs/guides/realtime","2026-05-03","High","S2S architecture structurally conflicts with banking governance requirements. Monitor but do not adopt for regulated workflows."
"Cresta","Agent-Assist","cresta.com","San Francisco, CA, USA","2017","Private (venture-backed; $150M+ raised)","Enterprise contact centers","Medium - financial services as a vertical","Real-time agent assist and coaching platform","Limited - agent-assist not autonomous agents","N/A - assists human agents","Not applicable","Limited - augments humans not replaces","Yes - real-time knowledge surfacing","Real-time speech recognition for agent assist","N/A","Integrates with contact center telephony","Multiple CCaaS integrations","Cloud SaaS","Unknown","Unknown","SOC 2","SOC 2 Type II","Coaching and compliance guidance for human agents","Conversation analytics; coaching scores","QA automation","Not native","Enterprise license","Enterprise contact centers (limited public names)","Real-time coaching; compliance guidance; QA automation; strong funding","Not an autonomous voice agent platform; agent-assist only","LOW","MEDIUM - design reference for Human Control Center agent-assist features","https://cresta.com/","2026-05-03","Medium","Agent-assist approach complements rather than competes with VocalIQ. Design reference for control center."
"NICE Actimize","Fraud/Identity","niceactimize.com","Hoboken, NJ, USA","1999","Division of NICE (Public; NASDAQ: NICE)","Banks and financial institutions","HIGHEST - banking fraud and compliance is entire business","Financial crime and compliance management platform","N/A - fraud platform not voice agents","N/A","N/A","N/A","N/A","N/A","N/A","N/A","Integrated with NICE CXone","Cloud; on-prem","Yes","Yes","Banking regulatory compliance","SOC 2; ISO 27001","N/A","Fraud investigation and compliance audit","N/A","Core product - AML; fraud detection; financial crime analytics; suspicious activity monitoring","Enterprise license","Major banks globally","Banking fraud depth; regulatory compliance expertise; integrated with NICE CXone","Now part of NICE bundle; independent integration may be limited","N/A (not a competitor)","MEDIUM - fraud signals integration if bank uses NICE CXone","https://www.niceactimize.com/","2026-05-03","High","Bundled with NICE CXone. Fraud signals could feed VocalIQ policy engine if CXone integration exists."
"Feedzai","Fraud/Identity","feedzai.com","San Mateo, CA, USA","2009","Private ($277M+ raised; unicorn valuation)","Banks and payment processors","HIGHEST - banking fraud is core business","AI-powered financial crime prevention platform","N/A - fraud platform","N/A","N/A","N/A","N/A","N/A","N/A","N/A","N/A","Cloud; on-prem","Yes","Yes","Banking regulatory compliance","SOC 2; ISO 27001","N/A","Fraud investigation audit trails","N/A","Core product - real-time payment fraud; AML; account takeover detection","Enterprise license","Top-5 US banks; global payment networks","Real-time fraud scoring; payment fraud depth; strong banking references","Payment-focused not voice-focused; integration for voice channel signals needed","N/A (not a competitor)","MEDIUM - cross-channel fraud scoring for policy engine","https://feedzai.com/","2026-05-03","Medium-High","Real-time fraud scoring could feed VocalIQ policy engine during transaction-level voice interactions."
"Featurespace","Fraud/Identity","featurespace.com","Cambridge, UK","2008","Private (acquired by Visa in 2024)","Banks and payment processors","HIGHEST - financial crime prevention","ARIC adaptive behavioral analytics for fraud and AML","N/A - fraud platform","N/A","N/A","N/A","N/A","N/A","N/A","N/A","N/A","Cloud; on-prem","Yes","Yes","Banking regulatory compliance","Not publicly detailed","N/A","Fraud investigation analytics","N/A","Core product - adaptive behavioral analytics; real-time fraud scoring; AML","Enterprise license","Major banks globally; now Visa-owned","Adaptive behavioral analytics; Visa backing; strong academic foundation","Visa acquisition may limit independent partnerships; payment-focused not voice-focused","N/A (not a competitor)","LOW-MEDIUM - Visa ownership may complicate integration; useful for banks using Visa fraud services","https://www.featurespace.com/","2026-05-03","Medium","Acquired by Visa in 2024. ARIC platform used by major banks."
"Accenture","BPO/Outsourcing","accenture.com","Dublin, Ireland","1989","Public (NYSE: ACN)","Enterprise consulting and managed services","HIGH - banking is a primary industry vertical","Consulting and managed contact center operations","Via third-party platforms deployed for clients","N/A - operates human agent teams","N/A - uses third-party platforms","Via partner platforms","N/A","N/A","N/A","Manages telephony for clients","Deploys multiple CCaaS platforms","Managed service","Manages on-prem for clients","Via client infrastructure","SOC 2; ISO 27001; industry compliance","SOC 2; ISO 27001; extensive","N/A - consulting and operations","Operational reporting","N/A","N/A - partner platforms","Managed service contracts","Tier-1 banks globally","Deep bank relationships; procurement influence; global scale; technology agnostic","Not a technology vendor; margin pressure from AI; could champion or block VocalIQ","MEDIUM - could build proprietary or partner exclusively with incumbents","HIGH - channel partner for deploying VocalIQ in managed banking contact centers","https://www.accenture.com/","2026-05-03","High","BPO firms deploying VocalIQ is a viable GTM path. Shorter procurement cycles than direct bank sales."
"Concentrix","BPO/Outsourcing","concentrix.com","Fremont, CA, USA","2006","Public (NASDAQ: CNXC)","Enterprise CX services","HIGH - banking and financial services as primary vertical","CX services and technology-enabled managed operations","Via third-party platforms","N/A - operates human agent teams","N/A","Via partner platforms; investing in AI CX capabilities","N/A","N/A","N/A","Manages telephony for clients","Deploys multiple CCaaS platforms","Managed service","Manages for clients","Via client infrastructure","SOC 2; ISO 27001","SOC 2; ISO 27001","N/A","Operational reporting","N/A","N/A","Managed service contracts","Banking and financial services enterprises","Global scale; banking operations experience; Webhelp acquisition expanded reach","Technology-enabled BPO not a technology vendor; AI investment still early","LOW-MEDIUM","HIGH - channel partner for banking contact center deployments","https://www.concentrix.com/","2026-05-03","High","Acquired Webhelp in 2023. Growing AI CX investments."
"Teleperformance","BPO/Outsourcing","teleperformance.com","Paris, France","1978","Public (Euronext Paris: TEP)","Enterprise CX outsourcing","HIGH - banking and financial services as key vertical","Global CX managed operations","Via third-party platforms","N/A - operates human agent teams","N/A","Via partner platforms","N/A","N/A","N/A","Manages telephony at scale","Deploys multiple CCaaS platforms","Managed service","Manages for clients","Global operations with regional compliance","SOC 2; ISO 27001; PCI DSS","SOC 2; ISO 27001; PCI DSS","N/A","Operational reporting","N/A","N/A","Managed service contracts","Major banks globally","Largest pure-play CX BPO globally; massive scale; banking operations depth","Not a technology vendor; deploys third-party AI","LOW","HIGH - volume deployment channel","https://www.teleperformance.com/","2026-05-03","High","Largest pure-play CX BPO. Volume deployment channel for VocalIQ."
